PID	Session	QuestionNum	AnswerIndicated	NotesForAnswer	CorrectAnsswer	UsedKnowledgeAndReas_scaled	GutFeeling_scaled	ConfidenceLevel_scaled
101	2	1	0	0	A	1	0	1
101	2	2	0	0	B	1	0	0
101	2	3	0	0	B	1	1	0
101	2	4	0	0	B	1	0	1
101	2	5	0	0	C	0	1	-1
101	2	6	0	0	A	1	1	1
101	2	7	0	0	D	1	1	2
101	2	8	0	0	C	1	1	2
101	2	9	0	0	B	2	2	2
102	2	1	0	0	A	2	-1	2
102	2	2	0	0	B	2	-2	2
102	2	3	0	0	B	2	-2	2
102	2	4	0	0	B	2	-2	2
102	2	5	0	0	C	1	0	1
102	2	6	0	0	A	1	-1	2
102	2	7	0	0	D	1	1	2
102	2	8	0	0	C	2	-2	2
102	2	9	0	0	B	2	-2	2
103	2	1	0	0	A	1	0	1
103	2	2	0	0	B	1	1	0
103	2	3	0	0	B	1	0	1
103	2	4	0	0	B	1	0	1
103	2	5	0	0	C	2	0	2
103	2	6	0	0	A	2	0	2
103	2	7	0	0	D	1	1	-1
103	2	8	0	0	C	1	0	1
103	2	9	0	0	B	2	-1	2
104	2	1	0	0	A	2	0	0
104	2	2	0	0	B	2	-1	2
104	2	3	0	0	B	2	0	1
104	2	4	0	0	B	2	1	1
104	2	5	0	0	C	2	-1	-1
104	2	6	0	0	A	2	1	1
104	2	7	0	0	D	2	-1	2
104	2	8	0	0	C	1	-1	1
104	2	9	0	0	B	1	-1	2
106	2	1	0	0	A	1	1	0
106	2	2	0	0	B	0	1	0
106	2	3	0	0	B	2	0	2
106	2	4	0	0	B	0	1	1
106	2	5	0	0	C	2	0	2
106	2	6	0	0	A	0	1	-1
106	2	7	0	0	D	2	0	0
106	2	8	0	0	C	2	0	2
106	2	9	0	0	B	2	-1	2
107	2	1	0	0	A	0	0	1
107	2	2	0	0	B	1	1	0
107	2	3	0	0	B	1	1	0
107	2	4	0	0	B	1	1	0
107	2	5	0	0	C	0	0	1
107	2	6	0	0	A	1	1	0
107	2	7	0	0	D	1	0	0
107	2	8	0	0	C	1	1	1
107	2	9	0	0	B	0	0	-2
108	2	1	0	0	A	1	1	1
108	2	2	0	0	B	2	2	2
108	2	3	0	0	B	2	2	2
108	2	4	0	0	B	2	2	2
108	2	5	0	0	C	1	1	1
108	2	6	0	0	A	2	2	2
108	2	7	0	0	D	1	1	0
108	2	8	0	0	C	-1	1	-1
108	2	9	0	0	B	2	2	2
110	2	1	0	0	A	0	1	0
110	2	2	0	0	B	1	-1	0
110	2	3	0	0	B	1	-1	0
110	2	4	0	0	B	1	-1	0
110	2	5	0	0	C	1	0	0
110	2	6	0	0	A	1	0	0
110	2	7	0	0	D	1	-1	0
110	2	8	0	0	C	1	-1	0
110	2	9	0	0	B	1	-1	0
212	2	1	A	0	A	1	0	0
212	2	2	B	0	B	1	0	1
212	2	3	B	0	B	2	0	2
212	2	4	B	0	B	2	0	2
212	2	5	C	0	C	1	1	1
212	2	6	B	0	A	1	1	1
212	2	7	C	0	D	2	0	2
212	2	8	C	0	C	1	1	2
212	2	9	B	0	B	2	0	2
214	2	1	B	0	A	0	1	-1
214	2	2	A	0	B	1	0	0
214	2	3	B	0	B	1	1	1
214	2	4	B	0	B	0	1	0
214	2	5	A	0	C	2	-2	2
214	2	6	A	0	A	1	1	1
214	2	7	B	0	D	0	0	0
214	2	8	B	0	C	1	0	1
214	2	9	B	0	B	1	1	1
215	2	1	D	0	A	1	1	2
215	2	2	B	0	B	1	1	2
215	2	3	B	0	B	1	1	2
215	2	4	B	0	B	2	1	2
215	2	5	C	0	C	2	1	2
215	2	6	C	0	A	1	1	2
215	2	7	C	0	D	1	1	0
215	2	8	A	0	C	1	0	2
215	2	9	B	0	B	2	1	2
216	2	1	C	0	A	1	-1	0
216	2	2	B	0	B	1	0	0
216	2	3	B	0	B	1	-1	0
216	2	4	D	0	B	0	0	-2
216	2	5	D	0	C	1	-1	-1
216	2	6	A	0	A	1	0	0
216	2	7	B	0	D	1	0	1
216	2	8	C	0	C	1	-1	1
216	2	9	B	0	B	1	-1	0
217	2	1	0	0	A	2	-2	0
217	2	2	0	0	B	0	1	-1
217	2	3	0	0	B	2	-2	2
217	2	4	0	0	B	2	-2	1
217	2	5	0	0	C	2	-2	1
217	2	6	0	0	A	2	-2	2
217	2	7	0	0	D	2	-2	2
217	2	8	0	0	C	2	-2	2
217	2	9	0	0	B	2	-2	2
218	2	1	A	0	A	1	0	1
218	2	2	C	0	B	0	0	0
218	2	3	A	0	B	1	-1	1
218	2	4	B	0	B	1	-1	1
218	2	5	0	Don't remember	C	1	0	0
218	2	6	B	0	A	1	-1	0
218	2	7	C	0	D	1	-1	1
218	2	8	C	0	C	1	-1	0
218	2	9	B	0	B	1	-1	1
219	2	1	0		A	-1	1	0
219	2	2	0		B	1	-2	2
219	2	3	0		B	2	-1	1
219	2	4	0		B	2	-1	1
219	2	5	0		C	1	-1	0
219	2	6	0		A	2	-2	0
219	2	7	0		D	1	-1	1
219	2	8	0		C	1	0	0
219	2	9	0		B	2	-2	0
320	2	1	B	0	A	2	2	1
320	2	2	C	0	B	1	1	-1
320	2	3	A	0	B	2	1	1
320	2	4	A	0	B	1	1	1
320	2	5	D	0	C	1	1	0
320	2	6	A	0	A	2	2	2
320	2	7	B	0	D	1	1	1
320	2	8	C	0	C	1	1	1
320	2	9	B	0	B	2	2	2
321	2	1	C	0	A	1	0	-1
321	2	2	A	0	B	1	1	2
321	2	3	B	0	B	1	1	1
321	2	4	B	0	B	1	1	2
321	2	5	A	0	C	1	1	2
321	2	6	A	0	A	1	2	-1
321	2	7	A	0	D	2	2	2
321	2	8	B	0	C	1	1	0
321	2	9	B	0	B	2	2	2
323	2	1	D	0	A	1	0	-1
323	2	2	D	0	B	1	0	1
323	2	3	B	0	B	1	0	1
323	2	4	A	0	B	1	0	1
323	2	5	C	0	C	1	1	-1
323	2	6	A	0	A	1	1	1
323	2	7	D	0	D	1	1	1
323	2	8	C	0	C	1	1	1
323	2	9	B	0	B	1	1	1
324	2	1	D	0	A	1	1	0
324	2	2	C	0	B	1	1	0
324	2	3	A	0	B	0	0	0
324	2	4	A	0	B	1	0	0
324	2	5	C	0	C	1	1	1
324	2	6	B	0	A	0	1	0
324	2	7	A	0	D	1	1	0
324	2	8	C	0	C	1	1	1
324	2	9	B	0	B	1	1	0
325	2	1	B	0	A	1	0	1
325	2	2	A	0	B	1	2	1
325	2	3	B	0	B	1	0	2
325	2	4	B	0	B	2	-1	1
325	2	5	B	0	C	2	-1	1
325	2	6	C	0	A	2	-1	2
325	2	7	A	0	D	1	0	1
325	2	8	D	0	C	1	1	0
325	2	9	C	0	B	2	-1	2
327	2	1	B	0	A	1	1	1
327	2	2	B	0	B	1	0	2
327	2	3	B	0	B	1	0	2
327	2	4	B	0	B	1	1	2
327	2	5	A	0	C	2	1	2
327	2	6	A	0	A	1	1	1
327	2	7	D	0	D	1	1	1
327	2	8	A	0	C	1	1	1
327	2	9	B	0	B	1	0	1
328	2	1	A	0	A	2	1	1
328	2	2	A	0	B	1	1	1
328	2	3	B	0	B	1	1	1
328	2	4	B	0	B	2	2	2
328	2	5	A	0	C	1	1	1
328	2	6	B	0	A	0	0	0
328	2	7	B	0	D	2	2	2
328	2	8	B	0	C	1	1	1
328	2	9	B	0	B	2	2	2
330	2	1	B	0	A	2	1	1
330	2	2	B	0	B	1	0	0
330	2	3	B	0	B	2	-2	2
330	2	4	B	0	B	1	-1	1
330	2	5	C	0	C	1	1	0
330	2	6	A	0	A	1	1	0
330	2	7	C	0	D	1	0	1
330	2	8	C	0	C	1	2	0
330	2	9	B	0	B	2	-2	2
331	2	1	C	0	A	1	1	1
331	2	2	B	0	B	2	2	2
331	2	3	B	0	B	2	2	2
331	2	4	A	0	B	2	2	2
331	2	5	A	0	C	-1	-1	-1
331	2	6	C	0	A	1	1	1
331	2	7	B	0	D	1	1	1
331	2	8	C	0	C	1	1	0
331	2	9	B	0	B	2	2	2
333	2	1	C	0	A	1	1	-1
333	2	2	C	0	B	2	2	-1
333	2	3	B	0	B	2	2	0
333	2	4	B	0	B	2	2	2
333	2	5	B	0	C	2	2	2
333	2	6	B	0	A	2	2	0
333	2	7	A	0	D	2	2	0
333	2	8	B	0	C	2	2	2
333	2	9	B	0	B	2	2	2
334	2	1	B	0	A	1	0	2
334	2	2	B	0	B	2	0	2
334	2	3	B	0	B	2	0	2
334	2	4	B	0	B	2	0	2
334	2	5	C	0	C	2	-1	2
334	2	6	A	0	A	2	0	1
334	2	7	C	0	D	2	0	2
334	2	8	B	0	C	2	0	2
334	2	9	B	0	B	2	0	2
335	2	1	D	0	A	1	0	1
335	2	2	B	0	B	1	1	0
335	2	3	B	0	B	2	-1	2
335	2	4	B	0	B	2	1	2
335	2	5	C	0	C	2	1	1
335	2	6	A	0	A	1	-1	1
335	2	7	C	0	D	1	1	0
335	2	8	A	0	C	1	1	0
335	2	9	B	0	B	2	-1	2
336	2	1	A	0	A	1	1	1
336	2	2	B	0	B	2	0	2
336	2	3	B	0	B	2	0	2
336	2	4	B	0	B	2	0	2
336	2	5	A	0	C	2	-1	1
336	2	6	A	0	A	1	2	2
336	2	7	D	0	D	1	1	1
336	2	8	C	0	C	1	2	2
336	2	9	B	0	B	2	0	2
337	2	1	B	0	A	0	1	-1
337	2	2	B	0	B	0	0	1
337	2	3	B	0	B	1	0	1
337	2	4	B	0	B	0	1	0
337	2	5	C	0	C	1	-1	1
337	2	6	A	0	A	1	0	1
337	2	7	D	0	D	1	0	1
337	2	8	B	0	C	0	1	-1
337	2	9	B	0	B	1	0	1
338	2	1	A	0	A	2	0	1
338	2	2	B	0	B	2	1	1
338	2	3	B	0	B	2	-1	2
338	2	4	B	0	B	2	-1	2
338	2	5	A	0	C	1	2	0
338	2	6	A	0	A	2	1	1
338	2	7	D	0	D	2	-1	2
338	2	8	C	0	C	2	0	2
338	2	9	A	0	B	1	0	1
339	2	1	B	0	A	2	0	2
339	2	2	B	0	B	1		1
339	2	3	B	0	B	2	0	1
339	2	4	B	0	B	2	0	1
339	2	5	C	0	C	2	2	2
339	2	6	A	0	A	1	0	0
339	2	7	B	0	D	2	2	2
339	2	8	A	0	C	2	0	0
339	2	9	B	0	B	2	2	2
340	2	1	B	0	A	1	1	1
340	2	2	B	0	B	1	0	1
340	2	3	B	0	B	1	1	1
340	2	4	B	0	B	1	1	1
340	2	5	C	0	C	2	1	2
340	2	6	B	0	A	1	1	0
340	2	7	D	0	D	1	0	0
340	2	8	D	0	C	0	0	0
340	2	9	B	0	B	0	-1	2
341	2	1	A	0	A	2	2	2
341	2	2	B	0	B	1	2	2
341	2	3	B	0	B	2	2	2
341	2	4	B	0	B	2	2	2
341	2	5	C	0	C	2	1	2
341	2	6	A	0	A	2	2	2
341	2	7	C	0	D	2	2	2
341	2	8	A	0	C	2	2	0
341	2	9	B	0	B	2	2	2
342	2	1	B	0	A	1	2	1
342	2	2	A	0	B	1	2	0
342	2	3	B	0	B	1	2	2
342	2	4	A	0	B	1	1	1
342	2	5	C	0	C	2	2	2
342	2	6	A	0	A	2	2	2
342	2	7	B	0	D	0	0	0
342	2	8	C	0	C	0	1	0
342	2	9	B	0	B	2	2	2
343	2	1	A	0	A	2	0	2
343	2	2	A	0	B	2	0	2
343	2	3	B	0	B	2	0	2
343	2	4	D	0	B	2	0	2
343	2	5	A	0	C	1	1	1
343	2	6	B	0	A	1	2	1
343	2	7	D	2	D	-1	1	-1
343	2	8	C	0	C	1	0	1
343	2	9	B	0	B	2	0	2
344	2	1	D	0	A	2	0	2
344	2	2	A	0	B	1	1	0
344	2	3	C	0	B	2	0	1
344	2	4	D	0	B	2	1	0
344	2	5	C	0	C	2	2	2
344	2	6	C	0	A	2	1	1
344	2	7	B	0	D	1	1	1
344	2	8	C	0	C	2	2	2
344	2	9	C	0	B	2	2	2
345	2	1	B	0	A	1	1	1
345	2	2	C	0	B	1	2	1
345	2	3	A	0	B	2	2	2
345	2	4	B	0	B	2	1	1
345	2	5	C	0	C	2	2	2
345	2	6	A	0	A	2	1	1
345	2	7	B	0	D	1	2	0
345	2	8	C	0	C	2	2	2
345	2	9	B	0	B	2	2	2
346	2	1	D	Picked C because of time	A	0	1	-1
346	2	2	C	0	B	1	1	1
346	2	3	A	0	B	1	1	1
346	2	4	A	0	B	2	1	1
346	2	5	D	Choose D but believe it is B	 choose D because of time	0	0	-1
346	2	6	B	0	A	1	1	0
346	2	7	B	0	D	1	2	0
346	2	8	C	0	C	1	2	1
346	2	9	B	0	B	2	2	2
347	2	1	A	0	A	2	1	1
347	2	2	B	0	B	1	2	2
347	2	3	B	0	B	2	0	1
347	2	4	B	0	B	2	-1	1
347	2	5	C	0	C	1	0	2
347	2	6	A	0	A	2	2	1
347	2	7	D	0	D	2	-1	1
347	2	8	0	0	C	1	2	1
347	2	9	C	0	B	2	-1	2
348	2	1	A	0	A	1	0	1
348	2	2	B	0	B	2	-2	2
348	2	3	B	0	B	2	-2	2
348	2	4	B	0	B	2	-2	2
348	2	5	D	0	C	2	0	1
348	2	6	A	0	A	1	0	1
348	2	7	D	0	D	2	-2	1
348	2	8	C	0	C	1	1	0
348	2	9	B	0	B	2	-2	2
349	2	1	C	0	A	2	1	1
349	2	2	B	0	B	2	2	2
349	2	3	B	0	B	2	2	1
349	2	4	B	0	B	2	2	1
349	2	5	D	0	C	2	2	2
349	2	6	A	0	A	2	2	2
349	2	7	C	0	D	1	0	-1
349	2	8	A	0	C	2	2	1
349	2	9	B	0	B	2	2	2
350	2	1	B	0	A	2	0	1
350	2	2	B	0	B	1	0	0
350	2	3	B	0	B	1	1	1
350	2	4	A	0	B	1	1	1
350	2	5	C	0	C	2	0	2
350	2	6	A	0	A	2	0	2
350	2	7	A	0	D	0	1	0
350	2	8	C	0	C	2	0	0
350	2	9	B	0	B	2	0	2
451	2	1	A	0	A	0	1	0
451	2	2	B	0	B	2	2	2
451	2	3	B	0	B	2	2	2
451	2	4	B	0	B	2	2	2
451	2	5	A	0	C	2	2	2
451	2	6	A	0	A	2	1	2
451	2	7	D	0	D	2	2	2
451	2	8	D	0	C	1	0	0
451	2	9	B	0	B	2	2	2
453	2	1	D	0	A	1	1	1
453	2	2	D	0	B	0	1	1
453	2	3	B	0	B	1	1	1
453	2	4	B	0	B	1	1	1
453	2	5	C	0	C	1	0	1
453	2	6	A	0	A	1	1	1
453	2	7	C	0	D	0	1	1
453	2	8	C	0	C	1	1	1
453	2	9	B	0	B	1	1	1
455	2	1	A	0	A	1	-2	1
455	2	2	B	0	B	1	-1	1
455	2	3	B	0	B	2	-2	2
455	2	4	B	0	B	2	-2	2
455	2	5	C	0	C	1	-1	1
455	2	6	B	0	A	2	-1	1
455	2	7	C	0	D	2	-2	1
455	2	8	D	0	C	2	-2	2
455	2	9	B	0	B	2	-2	2
458	2	1	A	0	A	2	-2	2
458	2	2	A	0	B	2	-2	2
458	2	3	B	0	B	2	-2	2
458	2	4	B	0	B	2	-2	2
458	2	5	C	0	C	2	-2	2
458	2	6	B	0	A	2	2	-2
458	2	7	B	0	D	2	-2	2
458	2	8	B	0	C	2	-2	2
458	2	9	B	0	B	2	-2	2
459	2	1	A	0	A	1	1	0
459	2	2	A	0	B	1	1	0
459	2	3	B	0	B	2	-2	2
459	2	4	B	0	B	2	-2	2
459	2	5	C	0	C	1	1	1
459	2	6	0	0	A	1	1	1
459	2	7	B	0	D	1	1	0
459	2	8	C	0	C	2	-1	1
459	2	9	B	0	B	2	-2	2
460	2	1	D	0	A	1	0	1
460	2	2	A	0	B	2	-2	2
460	2	3	B	0	B	2	-2	2
460	2	4	B	0	B	2	-2	2
460	2	5	A	0	C	2	-2	2
460	2	6	A	0	A	2	-2	2
460	2	7	B	0	D	2	-2	2
460	2	8	C	I think I pick this one	C	2	0	0
460	2	9	B	0	B	2	-2	2
462	2	1	C	0	A	1	0	0
462	2	2	A	0	B	1	1	0
462	2	3	A	0	B	2	1	0
462	2	4	A	0	B	1	1	0
462	2	5	D	0	C	2	2	1
462	2	6	A	0	A	1	0	0
462	2	7	B	0	D	1	1	0
462	2	8	0	0	C	2	2	2
462	2	9	B	0	B	2	2	0
463	2	1	A	0	A	1	2	1
463	2	2	B	0	B	0	2	1
463	2	3	B	0	B	0	2	1
463	2	4	B	0	B	1	1	1
463	2	5	A	0	C	2	2	2
463	2	6	A	0	A	2	2	2
463	2	7	C	0	D	1	2	1
463	2	8	C	0	C	1	1	1
463	2	9	B	0	B	2	2	2
464	2	1	A	0	A	2	-1	2
464	2	2	B	0	B	2	-1	1
464	2	3	A	0	B	1	1	0
464	2	4	B	0	B	1	0	0
464	2	5	A	0	C	1	-1	1
464	2	6	B	0	A	1	-1	1
464	2	7	C	0	D	1	-1	1
464	2	8	A	0	C	1	1	0
464	2	9	B	0	B	2	-1	2
465	2	1	A	0	A	1	-1	-1
465	2	2	B	0	B	1	-1	1
465	2	3	A	0	B	1	-1	1
465	2	4	A	0	B	1	-1	1
465	2	5	A	0	C	1	-1	1
465	2	6	A	0	A	1	-1	1
465	2	7	B	0	D	1	-1	0
465	2	8	B	0	C	1	-1	1
465	2	9	D	0	B	1	-1	-2
467	2	1	D	0	A	2	-1	1
467	2	2	B	0	B	2	-1	1
467	2	3	B	0	B	2	-1	1
467	2	4	B	0	B	2	-1	1
467	2	5	C	0	C	1	-1	1
467	2	6	A	0	A	1	0	1
467	2	7	B	0	D	2	-1	2
467	2	8	C	0	C	1	1	0
467	2	9	B	0	B	2	-1	1
468	2	1	D	0	A	0	1	0
468	2	2	A	0	B	1	1	1
468	2	3	B	0	B	1	1	1
468	2	4	B	0	B	2	1	2
468	2	5	C	0	C	1	0	1
468	2	6	A	0	A	1	1	1
468	2	7	C	0	D	1	0	1
468	2	8	A	0	C	2	2	2
468	2	9	A	0	B	1	0	1
469	2	1	B	0	A	1	0	1
469	2	2	B	0	B	1	1	1
469	2	3	A	0	B	2	0	2
469	2	4	B	0	B	2	1	2
469	2	5	A	0	C	1	1	0
469	2	6	A	0	A	1	1	0
469	2	7	C	0	D	2	1	1
469	2	8	C	0	C	2	-1	1
469	2	9	D	0	B	-1	0	-1
470	2	1	D	0	A	1	1	1
470	2	2	B	0	B	2	2	2
470	2	3	B	0	B	1	1	1
470	2	4	A	0	B	1	1	1
470	2	5	A	0	C	1	1	1
470	2	6	A	0	A	1	2	1
470	2	7	D	0	D	2	2	2
470	2	8	C	0	C	2	2	2
470	2	9	A	0	B	1	1	1
502	2	1	A		A	2	-2	1
502	2	2	A		B	1	-1	0
502	2	3	C		B	1	1	0
502	2	4	A		B	1	1	0
502	2	5	B		C	1	-1	1
502	2	6	B		A	1	-1	0
502	2	7	D		D	1	-1	1
502	2	8	B		C	1	-1	0
502	2	9	B		B	2	-2	2
503	2	1	A		A	2	-2	1
503	2	2	B		B	1	-1	1
503	2	3	B		B	1	-1	1
503	2	4	B		B	1	-1	1
503	2	5	A		C	2	-1	1
503	2	6	B		A	0	1	0
503	2	7	D		D	2	-1	1
503	2	8	C		C	2	-1	1
503	2	9	B		B	2	-2	2
571	2	1	B		A	1	0	2
571	2	2	A		B	2	1	2
571	2	3	C		B	1	1	0
571	2	4	B		B	1	1	0
571	2	5	D		C	2	2	2
571	2	6	B		A	2	2	2
571	2	7	A		D	2	2	2
571	2	8	A		C	2	2	2
571	2	9	B		B	2	2	2
572	2	1	A		A	2	0	2
572	2	2	C		B	1	0	0
572	2	3	B		B	1	1	1
572	2	4	B		B	1	1	1
572	2	5	C		C	0	1	0
572	2	6	A		A	2	1	1
572	2	7	D		D	1	0	0
572	2	8	C		C	1	0	1
572	2	9	B		B	2	0	2
573	2	1	A		A	2	2	0
573	2	2	A		B	2	2	1
573	2	3	B		B	0	2	0
573	2	4	A		B	2	2	0
573	2	5	C		C	0	2	0
573	2	6	C		A	1	1	0
573	2	7	B		D	1	2	0
573	2	8	A		C	2	2	0
573	2	9	A		B	0	1	-1
574	2	1	A		A	2	0	1
574	2	2	B		B	2	0	1
574	2	3	B		B	1	0	0
574	2	4	B		B	1	1	0
574	2	5	B		C	1	0	0
574	2	6	A		A	1	1	0
574	2	7	B		D	1	0	1
574	2	8	C		C	1	0	-1
574	2	9	B		B	2	0	2
577	2	1	A		A	2	-2	2
577	2	2	A		B	2	-1	2
577	2	3	B		B	2	0	2
577	2	4	A		B	0	1	-2
577	2	5	A		C	2	-2	2
577	2	6	A		A	2	-1	2
577	2	7	D		D	2	-1	2
577	2	8	A		C	2	-2	2
577	2	9	B		B	2	-2	2
578	2	1	B		A	1	-1	1
578	2	2	A		B	2	-1	2
578	2	3	B		B	2	-1	2
578	2	4	D		B	2	-2	2
578	2	5	A		C	2	-2	2
578	2	6	A		A	2	-2	2
578	2	7	B		D	2	-2	2
578	2	8	C		C	2	-1	1
578	2	9	B		B	2	-2	2
581	2	1	A		A	1	1	1
581	2	2	B		B	2	0	2
581	2	3	B		B	2	0	2
581	2	4	B		B	2	0	2
581	2	5	A		C	2	1	1
581	2	6	A		A	2	1	1
581	2	7	D		D	2	1	1
581	2	8	C		C	2	1	1
581	2	9	B		B	2	0	2
582	2	1	D		A	1	0	1
582	2	2	A		B	2	0	2
582	2	3	B		B	2	0	2
582	2	4	B		B	2	0	2
582	2	5	C		C	2	0	2
582	2	6	A		A	1	0	1
582	2	7	A		D	2	0	1
582	2	8	D		C	1	0	1
582	2	9	B		B	2	0	2
584	2	1	D		A	2	0	1
584	2	2	C		B	1	2	0
584	2	3	A		B	1	1	0
584	2	4	A		B	1	1	0
584	2	5	B		C	1	1	0
584	2	6	D		A	1	1	0
584	2	7	B		D	1	1	1
584	2	8	B		C	1	-1	-1
584	2	9	A		B	1	1	1
585	2	1	B		A	2	0	2
585	2	2	B		B	2	2	2
585	2	3	B		B	2	2	2
585	2	4	B		B	2	0	2
585	2	5	A		C	2	2	2
585	2	6	A		A	2	2	2
585	2	7	C		D	2	2	1
585	2	8	C		C	2	2	2
585	2	9	B		B	2	2	2
586	2	1	C		A	2	-1	1
586	2	2	B		B	2	-2	2
586	2	3	B		B	2	-2	2
586	2	4	B		B	2	-2	2
586	2	5	B		C	2	-1	1
586	2	6	A		A	2	-2	2
586	2	7	D		D	2	-2	2
586	2	8	C		C	2	-2	2
586	2	9	B		B	1	-1	1
587	2	1	A		A	1	1	0
587	2	2	B		B	2	-2	2
587	2	3	B		B	2	-2	2
587	2	4	B		B	2	-2	2
587	2	5	A		C	2	-2	2
587	2	6	A		A	2	-2	2
587	2	7	D		D	2	-2	2
587	2	8	B		C	1	1	0
587	2	9	B		B	2	-2	2
588	2	1	D		A	1	0	0
588	2	2	A		B	1	1	0
588	2	3	B		B	2	0	1
588	2	4	B		B	1	0	1
588	2	5	C		C	2	0	1
588	2	6	B		A	2	0	1
588	2	7	C		D	2	0	1
588	2	8	C		C	2	0	1
588	2	9	B		B	2	0	1
589	2	1	D		A	1	1	0
589	2	2	B		B	1	1	1
589	2	3	A		B	1	1	0
589	2	4	B		B	1	1	0
589	2	5	C		C	1	1	0
589	2	6	A		A	1	1	1
589	2	7	A		D	1	0	0
589	2	8	B		C	0	0	0
589	2	9	B		B	1	1	1
591	2	1	A		A	1	1	1
591	2	2	0		B			
591	2	3	B		B	1	2	-1
591	2	4	B		B	1	1	-2
591	2	5	D		C	1	-1	-2
591	2	6	C		A	1	1	-1
591	2	7	B		D	1	-1	0
591	2	8	B		C	2	-2	2
591	2	9	B		B	2	-2	2
592	2	1	D		A	2	2	2
592	2	2	B		B	0	1	0
592	2	3	B		B	2	1	2
592	2	4	A		B	1	1	1
592	2	5	C		C	2	2	2
592	2	6	A		A	1	1	1
592	2	7	C		D	2	2	2
592	2	8	B		C	2	2	2
592	2	9	B		B	2	1	2
593	2	1	B		A	1	1	0
593	2	2	A		B	1	1	1
593	2	3	B		B	1	0	1
593	2	4	B		B	1	1	0
593	2	5	C		C	1	0	1
593	2	6	B		A	0	1	0
593	2	7	A		D	1	0	1
593	2	8	A		C	1	0	1
593	2	9	A		B	1	0	1
594	2	1	A		A	1	0	1
594	2	2	A		B	0	0	1
594	2	3	B		B	1	0	0
594	2	4	B		B	0	0	-1
594	2	5	C		C	1	0	1
594	2	6	A		A	1	0	1
594	2	7	D		D	0	0	1
594	2	8	D		C	1	0	1
594	2	9	D		B	1	0	1
595	2	1	D		A	1	0	1
595	2	2	A		B	1	1	1
595	2	3	B		B	1	1	1
595	2	4	B		B	0	2	-1
595	2	5	D		C	1	0	-1
595	2	6	A		A	1	0	2
595	2	7	B		D	1	1	1
595	2	8	B		C	1	1	0
595	2	9	B		B	1	1	1
596	2	1	A		A	1	0	1
596	2	2	A		B	1	0	1
596	2	3	B		B	2	0	2
596	2	4	B		B	2	0	2
596	2	5	C		C	2	0	2
596	2	6	A		A	1	1	0
596	2	7	B		D	1	1	1
596	2	8	C		C	1	1	-1
596	2	9	B		B	2	-2	2
597	2	1	B		A	1	-2	1
597	2	2	B		B	1	-1	0
597	2	3	B		B	2	-2	2
597	2	4	B		B	2	-2	1
597	2	5	C		C	2	-2	2
597	2	6	B		A	1	-1	0
597	2	7	C		D	2	-2	2
597	2	8	B		C	1	-1	1
597	2	9	B		B	2	-2	2
598	2	1	A		A	2	0	2
598	2	2	B		B	1	1	2
598	2	3	B		B	2	1	2
598	2	4	B		B	2	1	2
598	2	5	C		C	2	1	1
598	2	6	A		A	2	0	2
598	2	7	C		D	1	1	-1
598	2	8	C		C	2	0	1
598	2	9	B		B	2	0	2
604	2	1	C	The lighter ball has less friction than the heavier ball	A	2	2	2
604	2	2	A	The horizontal kick changes the direction of the puck	B	2	2	2
604	2	3	A	The ball continues to follow the path of the semi circle	B	2	2	2
604	2	4	A	The ball follows the trend of the circular path	B	2	2	2
604	2	5	D	The only force acting on the stone is gravity	C	1	1	1
604	2	6	A	It is a projectile motion and gravity is the only force acting on the ball	A	2	2	2
604	2	7	B	It goes straight down from where it was released	D	2	2	2
604	2	8	A	There is no other force applied to the box	C	2	2	2
604	2	9	B	The FBD [free body diagram] would only be gravity downward and normal force upward	B	2	2	2
605	2	1	D	The heavier the object the more gravity will act on it and it'll slow down faster	A	2	1	1
605	2	2	D	The puck would instantly respond to the force from the kick but will still be moving with the origional speed	B	2	2	0
605	2	3	A	Since the ball was moving at a certain speed and trajectory	 it'll still continue to move in that direction	1	2	0
605	2	4	A	The ball was moving in a certain direction and it would still follow that path even if the tension of the string is removed	B	1	2	0
605	2	5	A	After the stone accelerates after it is dropped towards the ground	 it doesn't speed up or slow down; it calls at a constant speed because gravity constantly acts on it	2	0	-1
605	2	6	B	The ball is fired on a certain trajectory which doesn't immediately fall nor travel far since there are different forces acting on it	A	1	0	-1
605	2	7	C	I imagined the ball being launched because it fell from a moving plane	D	2	2	1
605	2	8	C	Since the main force that made the box move was removed	 it'll keep moving but gradually slow down	2	2	1
605	2	9	A	There are no forces making it move horizontally or upwards but gravity is keeping it on the ground	B	2	2	1
606	2	1	B	The heavier object should arrive to the ground after less time because it has more mass	A	-1	1	-1
606	2	2	B	The puck starts at a constant speed in the y axis	 the puck then gets speed in the x axis. The resulting vector & direction is the sum of the two	2	-2	2
606	2	3	B	The ball maintains a direction & velocity tangent to the circle	B	2	-2	2
606	2	4	B	Same reasoning as previous question	B	2	-2	2
606	2	5	C	The force of gravity causes the stone to speed up	C	2	-2	2
606	2	6	A	"The rate of downward acceleration in the ""y"" direction is constant, ie: no sudden drops"	A	2	-2	2
606	2	7	C	Same reason as previous question. Plus the ball maintains horizontal momentum	D	2	-2	2
606	2	8	C	I disagree with my initial answer. The box should immediately stop as there is no longer a force to��_ nevermind. I keep disagreeing with myslef. Kinectic friction will bring box to stop after x time	C	1	-1	0
606	2	9	B	"[drew a free body diagram depicting the chair with an upward arror labeled ""normal force"" and a downward arrow labele ""gravity"". To the side the wrote ""Net force = 0""]"	B	2	-2	2
607	2	1	A	Same speed	A	2	-2	2
607	2	2	B	It would accelerate up	B	1	-1	1
607	2	3	B	Straight path	B	2	-2	2
607	2	4	B	It will continue in straight path	B	2	-2	2
607	2	5	C	That's how gravity works	C	2	-2	2
607	2	6	A	It wouldn't elongate horizontal motion at the top	A	0	0	0
607	2	7	C	Will stay under the plane	D	2	-2	2
607	2	8	C	Friction	C	2	-2	2
607	2	9	B	There should be air too	 but from all directions no just downward	1	0	1
608	2	1	B	The heavier ball will have a more intense gravity effect on it	A	2	-2	2
608	2	2	B	The puck will follow a straight path as there is one force [illegible] on it	B	2	-2	2
608	2	3	B	The ball will keep following the same path	B	2	-2	2
608	2	4	B	The ball will keep following the same path	B	2	-2	2
608	2	5	A	The item will fall at a constant rate [illegible]	C	2	-2	2
608	2	6	A	The force of gravity will immediately act upon the ball as it leave the cannon	A	2	-2	2
608	2	7	D	The ball will keep following the path	 slowly accelerating	2	-2	2
608	2	8	C	Immediately after the force stops acting on the box it will slow down	C	2	-2	2
608	2	9	B	The force of the floor and gravity are equal making the chair be still	B	1	-1	2
609	2	1	A	Because regardless of their weight	 both balls were moving at the same speed	2	-2	1
609	2	2	B	Because the puck has a vertical and a horizontal velocity	 it will move diagonally	2	-2	1
609	2	3	B	The ball will move in the direction of its velocity vector at that instant in time	B	2	-2	2
609	2	4	B	The ball will continue moving in the direction of the velocity at that instant in time	B	2	-2	2
609	2	5	A	The stone will descent with an acceleration of 9.81 m/s^2 until it reaches maximum velocity	C	1	0	0
609	2	6	A	There is no angle on the cannon so the path that the ball will take is the one with the least horizontal trajectory	A	2	-2	2
609	2	7	C	The heavy ball has a horizontal velocity from the plane and once it is released	 it will also have a vertical velocity	2	-2	2
609	2	8	C	As soon as the woman lets go	 there is no force being applied to the box to propel it forward. However	2	-2	2
609	2	9	B	This chair is at rest meaning there is no external forces acting on it. The only forces present are gravity and normal	B	2	-2	2
610	2	1	A	Prior physics knowledge	A	1	1	1
610	2	2	A	Pictured the movement in my head	B	2	2	2
610	2	3	B	Pictured the movement in my head	B	1	2	0
610	2	4	B	Pictured the movement	B	2	1	2
610	2	5	C	Based on gravitational laws	C	1	2	0
610	2	6	A	Have seen this photo in a previous physics assignment	A	2	1	2
610	2	7	A	Guess on this question	D	-1	2	-1
610	2	8	A	Pictured the motion	C	2	2	2
610	2	9	B	Seen a problem like this before	B	2	1	2
612	2	1	B	It's heavier	A	0	1	0
612	2	2	A	Thinking that the kick turns that horizontal energy into vertical	B	1	1	1
612	2	3	B	Ball doesn't curve	B	2	2	2
612	2	4	B	When a rope is cut the ball follows its tangent	B	2	2	2
612	2	5	C	It falls at a constant accel. until it hits the ground	C	2	2	2
612	2	6	A	Has both a vertical and horizontal force	A	2	2	2
612	2	7	D	The ball still has horizontal velocity	D	2	2	1
612	2	8	C	If she put a force into it strong enough to move on its own even with friction I would be correct. If she didn't then the box stops moving as soon as she stops pushing	C	1	1	-2
612	2	9	B	"Force diagram [drawing of a free body diagram witn an upward arrow labeled ""F_C"" and a downward arrow labeled ""F_g""]"	B	2	2	2
613	2	1	B	Because the mass creates a stronger force going down	A	2	-1	1
613	2	2	B	Because the horizontal speed its [sic] not affect by the other force	B	1	1	2
613	2	3	B	Because the ball would go in a straight path	B	2	-1	2
613	2	4	B	Because the ball would loose [sic] it centripetal force	B	2	-1	2
613	2	5	C	The gravity create [sic] a downward increasing acceleration	C	2	-2	2
613	2	6	A	Because gravity acts as soon as is shot [sic]	A	2	-2	2
613	2	7	C	I chose [sic] the wrong one but this makes more sense	D	0	2	1
613	2	8	C	Because of friction	C	2	-2	2
613	2	9	B	I chose the wrong one (A) but its this because of the normal force	B	2	-2	2
614	2	1	B	Both balls will hit at the same time but the heavier ball will fall closer to the table due to being heavier it's horizontal velocity will not be as [illegible]. Because its twice as heavy it will fall half th [sic] distance as the lighter ball.	A	1	1	0
614	2	2	A	An object in motion will stay in motion unless acted upon by an equal or greater force. In the real world a swift kick isa great enough force to change direction entirely.	B	1	2	1
614	2	3	B	An object going in a circle will follow the tangental velocity when released from the path	B	2	1	2
614	2	4	B	Once the centripital velocity is no longer in effect there is only the linear velocity that is tangental to th [sic] circular arc [they marked don't remember on the margin	 as if to note that they were not sure if they picked B in the scanner]	2	1	1
614	2	5	C	Gravitational pull is an acceleration therefore the stone is accelerating due to gravity. Earth's gravity does not get stonger th [sic] closer to ground you are	C	2	1	1
614	2	6	A	As soon as th [sic] ball leaves the cannon there is no upward vertical force therefore gravity immediately acts to bring it down	A	2	1	1
614	2	7	B	The ball is dropped and there is no horizontal force on the ball. Only gravity a downward force.	D	2	1	1
614	2	8	D	The scenario does not say there is friction so it's assumed there is none. Therefore there is no force to stop or slow the box	 thus it will continue at a constant speed.	2	1	0
614	2	9	B	There is th [sic] force of air on every object but it's no only down. Air pressure is usually neglegable so gravity and th [sic] opposing normal force from the floor are the only forces	B	2	1	1
615	2	1	A	Items falling regardless of weight take the same time	A	2	-1	2
615	2	2	B	The puck tries to stay on its path but also takes in the forces of the kick	B	0	1	0
615	2	3	B	Had it gone through the closed loop a few times first then been released it would continue a circle (sic)	B	1	0	0
615	2	4	A	The ball tries to take the same path it was on	B	1	0	0
615	2	5	C	The force of gravity should cause the stone to come down at a constant speed	C	1	0	0
615	2	6	A	The ball is being pulled down by gravity and pushed forward because of the force of the cannon	A	1	0	1
615	2	7	D	The ball is being pushed in the same direction as the plane but also pushed down by gravity	D	1	0	1
615	2	8	C	An item must have a force acting on it for the item to move	C	1	0	0
615	2	9	B	Gravity is always acting on all items and it has to have an equal contering force to it	B	1	0	0
617	2	1	A		A	2	-2	2
617	2	2	B		B	1	-1	1
617	2	3	B		B	2	-2	2
617	2	4	B		B	2	-2	2
617	2	5	C		C	2	-2	2
617	2	6	B		A	1	-1	1
617	2	7	D		D	1	-1	1
617	2	8	C		C	2	-2	2
617	2	9	B		B	2	-2	2
618	2	1	A		A	2	1	0
618	2	2	B		B	2	1	0
618	2	3	B		B	2	2	0
618	2	4	A		B	2	2	2
618	2	5	D		C	2	2	2
618	2	6	D		A	2	2	2
618	2	7	C		D	2	2	1
618	2	8	C		C	2	2	2
618	2	9	D		B	2	2	2
619	2	1	A		A	1	1	0
619	2	2	B		B	1	1	1
619	2	3	B		B	2	1	2
619	2	4	B		B	2	1	2
619	2	5	A		C	2	1	2
619	2	6	A		A	2	1	1
619	2	7	C		D	1	1	-1
619	2	8	C		C	2	2	1
619	2	9	A		B	2	0	-2
620	2	1	B		A	1	2	-2
620	2	2	A		B	2	-1	2
620	2	3	B		B	1	2	1
620	2	4	B		B	2	1	1
620	2	5	A		C	2	0	1
620	2	6	A		A	2	2	0
620	2	7	D		D	2	1	2
620	2	8	C		C	2	1	2
620	2	9	B		B	1	0	2
621	2	1	A		A	2	1	0
621	2	2	D		B	2	1	1
621	2	3	A		B	2	2	1
621	2	4	A		B	2	2	0
621	2	5	A		C	2	2	1
621	2	6	A		A	2	2	2
621	2	7	B		D	2	2	1
621	2	8	C		C	2	2	0
621	2	9	B		B	2	2	2
622	2	1	B		A	1	1	1
622	2	2	B		B	2	2	2
622	2	3	B		B	2	2	2
622	2	4	B		B	2	2	2
622	2	5	C		C	2	2	2
622	2	6	B		A	2	1	2
622	2	7	C		D	2	2	2
622	2	8	D		C	-1	-1	-1
622	2	9	B		B	2	2	2
623	2	1	A		A	1	1	0
623	2	2	C		B	0	0	-1
623	2	3	B		B	1	1	0
623	2	4	B		B	1	1	0
623	2	5	C		C	1	1	0
623	2	6	A		A	1	1	0
623	2	7	D		D	1	1	0
623	2	8	A		C	1	1	0
623	2	9	B		B	1	1	0
624	2	1	A		A	2	0	1
624	2	2	D		B	1	1	1
624	2	3	B		B	0	1	0
624	2	4	A		B	2	0	2
624	2	5	C		C	1	0	1
624	2	6	B		A	2	1	1
624	2	7	D		D	2	0	2
624	2	8	C		C	1	0	1
624	2	9	B		B	2	0	1
625	2	1	D	Imagining the scenario and using what I learned in physics	A	1	1	0
625	2	2	0	I used mainly reasoning and little knowledge	B	0	0	0
625	2	3	B	I used mainly reasoning and relied on gut feeling	B	0	0	0
625	2	4	B	Used a bit of knowledge and some reasoning	B	0	0	0
625	2	5	C	Used knowledge and reasoning	C	1	0	0
625	2	6	B	I mainly used reasoning and some knowledge	A	1	0	0
625	2	7	A	Not sure of answer so mainly reasoning	D	0	0	0
625	2	8	A	Used knowledge and also reasoning	C	0	0	0
625	2	9	0	Used mainly knowledge	B	1	0	0
626	2	1	A		A	2	2	1
626	2	2	B		B	2	2	1
626	2	3	B		B	2	2	1
626	2	4	D		B	2	0	1
626	2	5	C		C	2	2	2
626	2	6	A		A	1	2	1
626	2	7	D		D	2	2	0
626	2	8	C		C	2	2	1
626	2	9	B		B	2	2	2
627	2	1	A		A	1	0	1
627	2	2	B		B	2	-1	2
627	2	3	B		B	1	1	1
627	2	4	B		B	1	1	1
627	2	5	C		C	0	0	-1
627	2	6	A		A	1	1	1
627	2	7	C		D	1	1	1
627	2	8	C		C	1	1	1
627	2	9	B		B	1	1	1
629	2	1	A		A	2	1	2
629	2	2	B		B	2	2	2
629	2	3	B		B	2	2	2
629	2	4	B		B	2	2	2
629	2	5	C		C	2	2	2
629	2	6	A		A	2	2	2
629	2	7	D		D	2	2	2
629	2	8	C		C	2	2	2
629	2	9	B		B	2	2	2
630	2	1	D		A	2	1	1
630	2	2	A		B	2	2	2
630	2	3	B		B	2	1	2
630	2	4	B		B	2	1	2
630	2	5	C		C	2	1	2
630	2	6	A		A	2	1	2
630	2	7	D		D	2	1	2
630	2	8	C		C	2	1	2
630	2	9	B		B	2	1	2
631	2	1	C		A	1	1	1
631	2	2	C		B	1	1	1
631	2	3	B		B	1	1	0
631	2	4	D		B	1	0	1
631	2	5	C		C	1	1	1
631	2	6	A		A	1	1	1
631	2	7	B		D	1	1	1
631	2	8	A		C	1	1	1
631	2	9	B		B	1	1	1
633	2	1	B		A	1	0	1
633	2	2	C		B	1	-2	1
633	2	3	B		B	2	-2	2
633	2	4	B		B	2	-2	2
633	2	5	C		C	2	-2	2
633	2	6	A		A	2	-2	2
633	2	7	D		D	2	-2	2
633	2	8	C		C	2	-2	2
633	2	9	B		B	2	-2	2
634	2	1	A		A	2	0	2
634	2	2	B		B	2	0	2
634	2	3	B		B	2	0	2
634	2	4	B		B	2	0	2
634	2	5	C		C	2	0	2
634	2	6	A		A	2	2	1
634	2	7	D		D	2	2	1
634	2	8	C		C	2	1	1
634	2	9	B		B	2	0	2
